Leâ€™Veon Bell,Liberal,North
Antonio Brown,Socialist,East
James Harrison,Tea Party,South
Heath Miller,Conservative,West
gnes Hunt,Neutral,North
Roland Gill,Liberal,East
Jean Wilkins,Socialist,South
Jose Day,Tea Party,West
Shannon Peterson,Conservative,North
Sherry Hammond,Neutral,East
Ellen Lewis,Liberal,South
Rudy Murphy,Socialist,West
Tiffany Carson,Tea Party,North
Martin Palmer,Conservative,East
Roy Sullivan,Neutral,South
Whitney Waters,Liberal,West
Ross Fowler,Socialist,North
Fredrick Butler,Tea Party,East
Arlene Berry,Conservative,South
Emanuel Ingram,Neutral,West
Yolanda Barker,Liberal,North
Andres Hart,Socialist,East
Rudolph Guerrero,Tea Party,South
Luther Hall,Conservative,West
Patrick Munoz,Neutral,North
Patsy Gibson,Liberal,East
Jonathan Harmon,Socialist,South
Crystal Gilbert,Tea Party,West
Billy Nunez,Conservative,North
Nicolas Burke,Neutral,East
Lena Hale,Liberal,South
Shelia Ward,Socialist,West
Glen Douglas,Tea Party,North
Betty Harrison,Conservative,East
Allen Cobb,Neutral,South
Aaron Bowers,Liberal,West
Manuel Mcdonald,Socialist,North
Edith Howell,Tea Party,East
Ada Alexander,Conservative,South
Courtney Silva,Neutral,West
Paul Potter,Liberal,North
Ana Jennings,Socialist,East
Rogelio Lopez,Tea Party,South
Alvin Hill,Conservative,West
Vicky Parker,Neutral,North
Andre Wallace,Liberal,East
Dolores Ellis,Socialist,South
Ray Perez,Tea Party,West
Blanche Hogan,Conservative,North
Willie Andrews,Neutral,East
Ginger Jenkins,Liberal,South
Emily Wolfe,Socialist,West
Matt Foster,Tea Party,North
Myra Mathis,Conservative,East
Chad Bryan,Neutral,South
Ramiro Williams,Liberal,West
Felipe Salazar,Socialist,North
Brenda Mendoza,Tea Party,East
Claudia Stevenson,Conservative,South
Krista Herrera,Neutral,West
Teresa Romero,Liberal,North
Vincent Bass,Socialist,East
Lillian Gray,Tea Party,South
Jorge Fisher,Conservative,West
Terrell Joseph,Neutral,North
Carlton Santiago,Liberal,East
Nicholas Russell,Socialist,South
Audrey Massey,Tea Party,West
Erin Jefferson,Conservative,North
Eduardo Obrien,Neutral,East
Greg Goodwin,Liberal,South
Cameron Simpson,Socialist,West
Nick Richardson,Tea Party,North
Frank Murray,Conservative,East
Francis Padilla,Neutral,South
Darrell Castro,Liberal,West
Hattie Wood,Socialist,North
Annie Schneider,Tea Party,East
Wesley Gonzalez,Conservative,South
Wilson Dawson,Neutral,West
Jason Willis,Liberal,North
Dustin Hudson,Socialist,East
Courtney Ortega,Tea Party,South
Robin Quinn,Conservative,West
Melba Rodriguez,Neutral,North
Patty Henderson,Liberal,East
Erica Flores,Socialist,South
Tracey Pierce,Tea Party,West
Elijah West,Conservative,North
Wm Scott,Neutral,East
Anna Webb,Liberal,South
Jeremy Stevens,Socialist,West
Dale Arnold,Tea Party,North
Faye Sherman,Conservative,East
Dean Robertson,Neutral,South
Sonya Barrett,Liberal,West
Rufus Sanchez,Socialist,North
Marcus Caldwell,Tea Party,East
Sophie Wise,Conservative,South
Salvador Cruz,Neutral,West
Dora Hubbard,Liberal,North
Angela Oliver,Socialist,East
Stephanie Dixon,Tea Party,South
Peter Mckinney,Conservative,West
Kari Fuller,Socialist,East
Paulette Myers,Tea Party,South
Virgil Poole,Conservative,West
Adam King,Neutral,North
Kathleen Brewer,Liberal,East
Gregg Ortega,Socialist,South
Lonnie Buchanan,Tea Party,West
Lana Lane,Conservative,North
Dorothy Fletcher,Neutral,East
Emanuel Cox,Liberal,South
Sheri Robertson,Socialist,West
Jerry Banks,Tea Party,North
Lionel Wise,Conservative,East
Emma Franklin,Neutral,South
Barry Tate,Liberal,West
Juanita Long,Socialist,North
Maureen Klein,Tea Party,East
Chris Hampton,Conservative,South
Billy Evans,Neutral,West
Laura Soto,Liberal,North
Nathan Bennett,Socialist,East
Donna Wells,Tea Party,South
Ian Rodriquez,Conservative,West
Luke Harper,Neutral,North
Leona Wagner,Liberal,East
Bobby Mccarthy,Socialist,South
Erma Harris,Tea Party,West
Jill Blake,Conservative,North
Marvin Phelps,Neutral,East
Jeffery Bell,Liberal,South
Pearl Love,Socialist,West
Rex Payne,Tea Party,North
Willie Rodgers,Conservative,East
Ted George,Neutral,South
Holly Wilkerson,Liberal,West
Viola Gonzalez,Socialist,North
Roderick Dawson,Tea Party,East
Shannon Nelson,Conservative,South
Nichole Munoz,Neutral,West
Doreen Perkins,Liberal,North
Kellie Barrett,Socialist,East
Connie Holmes,Tea Party,South
Anita Perry,Conservative,West
Bennie Fleming,Neutral,North
Bill Kelly,Liberal,East
Janice Stevenson,Socialist,South
Hilda Craig,Tea Party,West
Allison Lyons,Conservative,North
Irvin Hunt,Neutral,East
Rudolph Greer,Liberal,South
Gretchen Ramos,Socialist,West
George Benson,Tea Party,North
Annie Joseph,Conservative,East
Jackie Washington,Neutral,South
Guadalupe Gregory,Liberal,West
Jeanette Brock,Socialist,North
Jerome Reed,Tea Party,East
Marty Davidson,Conservative,South
Vanessa Ingram,Neutral,West
Jeff Wood,Liberal,North
Lamar Russell,Socialist,East
Alice Pierce,Tea Party,South
Aaron Terry,Conservative,West
Ella Gibson,Neutral,North
Muriel Johnson,Liberal,East
Hannah Bridges,Socialist,South
Oliver Daniels,Tea Party,West
Eddie Strickland,Conservative,North
Marcus Miles,Neutral,East
Debra Wilson,Liberal,South
Anthony Ballard,Socialist,West
Karl Ramsey,Tea Party,North
Lauren Carter,Conservative,East
Sidney Lindsey,Neutral,South
Brenda Adkins,Liberal,West
Kristine Gray,Socialist,North
Randy Howell,Tea Party,East
Violet Beck,Conservative,South
Laverne Matthews,Neutral,West
Leigh Park,Liberal,North
Kenneth Tucker,Socialist,East
Erika Clayton,Tea Party,South
Evan Baldwin,Conservative,West
Isaac Harmon,Neutral,North
Mildred Garner,Liberal,East
Marguerite Richardson,Socialist,South
Katherine Ross,Tea Party,West
Frances Page,Conservative,North
Leslie Bradley,Neutral,East
Joe Briggs,Liberal,South
Neal Williamson,Socialist,West
Josefina Walters,Tea Party,North
Rosemarie Barton,Conservative,East
Marcia Massey,Neutral,South
Julian Graham,Liberal,West
Israel Frazier,Socialist,North
Charlie Lucas,Tea Party,East
Kim Schultz,Conservative,South
Florence Austin,Neutral,West
Todd Estrada,Liberal,North
Raquel Drake,Socialist,East
Jackie Craig,Tea Party,South
Hope Duncan,Conservative,West
Geneva Welch,Socialist,East
Judy Jacobs,Tea Party,South
Margaret Harper,Conservative,West
Myrtle Pierce,Neutral,North
Pearl Jimenez,Liberal,East
Patsy Burke,Socialist,South
Antonio Norman,Tea Party,West
Franklin Keller,Conservative,North
Ben Park,Neutral,East
Doreen Wallace,Liberal,South
Kent Lewis,Socialist,West
Laurie Swanson,Tea Party,North
Jared Moran,Conservative,East
Penny Long,Neutral,South
Kim Bryan,Liberal,West
Eleanor Mckinney,Socialist,North
Bernice Leonard,Tea Party,East
Darren Robinson,Conservative,South
Essie Hodges,Neutral,West
Angel Baldwin,Liberal,North
Renee May,Socialist,East
Casey Norris,Tea Party,South
Javier Harrington,Conservative,West
Rose Lindsey,Neutral,North
Nicolas Hopkins,Liberal,East
Alexandra Marsh,Socialist,South
Maureen Schneider,Tea Party,West
Randy Love,Conservative,North
April Evans,Neutral,East
Ellen Austin,Liberal,South
Isaac Aguilar,Socialist,West
Evan Spencer,Tea Party,North
Sean Logan,Conservative,East
Betty Fitzgerald,Neutral,South
Katherine Hawkins,Liberal,West
Mack Alvarado,Socialist,North
Myra Buchanan,Tea Party,East
Gerald Dennis,Conservative,South
Owen Olson,Neutral,West
Lorena Webster,Liberal,North
Winifred Mcgee,Socialist,East
Tiffany West,Tea Party,South
Shirley Jefferson,Conservative,West
Fred Anderson,Neutral,North
Rachael Terry,Liberal,East
James Carter,Socialist,South
Don Summers,Tea Party,West
Howard Rivera,Conservative,North
Irvin Blair,Neutral,East
Alton Hanson,Liberal,South
Kay Vega,Socialist,West
Glenda Stanley,Tea Party,North
Ricardo Fleming,Conservative,East
Santiago Patton,Neutral,South
Steve Holt,Liberal,West
Shane Jordan,Socialist,North
Michael Ballard,Tea Party,East
Virgil Maldonado,Conservative,South
Forrest Santiago,Neutral,West
Lucy Miles,Liberal,North
Rudolph Morgan,Socialist,East
Arturo James,Tea Party,South
Lance Patterson,Conservative,West
Luke Powers,Neutral,North
Dianne Haynes,Liberal,East
Alfredo Horton,Socialist,South
Olga Hammond,Tea Party,West
Chester Cummings,Conservative,North
Juan Butler,Neutral,East
Carlton Sutton,Liberal,South
Hector Allen,Socialist,West
Rickey Gibson,Tea Party,North
Blake Parsons,Conservative,East
Jody Hampton,Neutral,South
Marvin Lawson,Liberal,West
Debra Knight,Socialist,North
Wilson Soto,Tea Party,East
Jimmy Torres,Conservative,South
Tyler Floyd,Neutral,West
Claudia Barnes,Liberal,North
Luis Brock,Socialist,East
Catherine Edwards,Tea Party,South
Jay Rodgers,Conservative,West
Winston Wilkins,Neutral,North
Wallace Farmer,Liberal,East
Doris Harrison,Socialist,South
Pamela Bailey,Tea Party,West
Victoria Clark,Conservative,North
Delbert Holmes,Neutral,East
Hattie Hart,Liberal,South
Lori Russell,Socialist,West
Dominic Harvey,Tea Party,North
Bryant Osborne,Conservative,East
Celia Daniels,Neutral,South
Felicia Ross,Liberal,West
Dexter Pratt,Socialist,North
Kelvin Phelps,Tea Party,East
Jana Goodwin,Conservative,South
Max Bowen,Neutral,West
Felipe Cruz,Liberal,North
Sergio Santiago,Socialist,East
Danielle Wade,Tea Party,South
Angelo Sutton,Conservative,West
Ann Harper,Socialist,East
Marion Massey,Tea Party,South
Annie Garza,Conservative,West
Jesus Rhodes,Neutral,North
Rosemarie Frazier,Liberal,East
Olivia Long,Socialist,South
Bonnie Rios,Tea Party,West
Georgia Wagner,Conservative,North
Domingo Rodriquez,Neutral,East
Bill Higgins,Liberal,South
Walter French,Socialist,West
Sheldon Cain,Tea Party,North
Lucille Hammond,Conservative,East
Delbert Boyd,Neutral,South
Bradley Lawrence,Liberal,West
Timothy Stephens,Socialist,North
Roosevelt Taylor,Tea Party,East
Cindy Berry,Conservative,South
Leonard Lindsey,Neutral,West
Willis Bradley,Liberal,North
Joel Keller,Socialist,East
Leona Strickland,Tea Party,South
Meredith Ward,Conservative,West
Pete Barnett,Neutral,North
Rosalie Lyons,Liberal,East
Lila Hunter,Socialist,South
Allan Reese,Tea Party,West
Evan Sanders,Conservative,North
Leon Franklin,Neutral,East
Patricia Ramos,Liberal,South
Myra Sparks,Socialist,West
Annette Hodges,Tea Party,North
Beverly Webster,Conservative,East
Bob Miles,Neutral,South
Terrence Mcbride,Liberal,West
Christie Murray,Socialist,North
Megan Chavez,Tea Party,East
Kathy Parker,Conservative,South
Bryant Johnson,Neutral,West
Lynne Tate,Liberal,North
Karl Robbins,Socialist,East
Guadalupe Mathis,Tea Party,South
Sylvia Mills,Conservative,West
Ron Hawkins,Neutral,North
Latoya Boone,Liberal,East
Audrey Steele,Socialist,South
Kara Campbell,Tea Party,West
Abraham Henderson,Conservative,North
Israel Gonzalez,Neutral,East
Alison Erickson,Liberal,South
Misty Carter,Socialist,West
Natasha Newman,Tea Party,North
Melanie Ortega,Conservative,East
Alonzo Stevenson,Neutral,South
Carla May,Liberal,West
Ernestine Beck,Socialist,North
Melvin Simpson,Tea Party,East
Darrel Garrett,Conservative,South
Ed Pittman,Neutral,West
Leland Greene,Liberal,North
George Barker,Socialist,East
Orville Floyd,Tea Party,South
Bridget Summers,Conservative,West
Naomi Perry,Neutral,North
Keith Greer,Liberal,East
Terry Park,Socialist,South
Ethel Webb,Tea Party,West
Carol Bridges,Conservative,North
Laurence Houston,Neutral,East
Susan Gibson,Liberal,South
Charlene Delgado,Socialist,West
Sadie Sharp,Tea Party,North
Roger Estrada,Conservative,East
Cameron Watts,Neutral,South
Lauren Parsons,Liberal,West
Daisy Zimmerman,Socialist,North
Kayla Fernandez,Tea Party,East
Russell Pearson,Conservative,South
Edmund Burton,Neutral,West
Kerry Evans,Liberal,North
Laverne Wood,Socialist,East
Rogelio Ramirez,Tea Party,South
Elizabeth Romero,Conservative,West
Tiffany Osborne,Neutral,North
Jimmie Becker,Liberal,East
Lillian Padilla,Socialist,South
Lela Drake,Tea Party,West
Gustavo Parks,Conservative,North
Brent Ferguson,Neutral,East
Esther Richards,Liberal,South
Norma Wright,Socialist,West
Phil Fuller,Tea Party,North
Javier Russell,Conservative,East
Julius Colon,Neutral,South